links,categories,subcategories
https://www.carrefour.com.ar/161?map=productClusterIds,Destacados,La Dietética
https://www.carrefour.com.ar/4489?map=productClusterIds,Destacados,Productos Carrefour
https://www.carrefour.com.ar/6274?map=productClusterIds,Destacados,Productos exclusivos online
https://www.carrefour.com.ar/8157?map=productClusterIds,Destacados,Pascuas
https://www.carrefour.com.ar/Electro-y-tecnologia/Smart-TV-y-soportes?order=,Electro y tecnología,Smart TVs
https://www.carrefour.com.ar/Electro-y-tecnologia/Celulares?order=,Electro y tecnología,Celulares
https://www.carrefour.com.ar/Electro-y-tecnologia/Climatizacion?order=,Electro y tecnología,Climatización
https://www.carrefour.com.ar/Electro-y-tecnologia/Heladeras-y-freezers?order,Electro y tecnología,Heladeras y freezers
https://www.carrefour.com.ar/Electro-y-tecnologia/Lavado?order=,Electro y tecnología,Lavado
https://www.carrefour.com.ar/Electro-y-tecnologia/Termotanques-y-calefones?order=,Electro y tecnología,Termotanques y calefones
https://www.carrefour.com.ar/Electro-y-tecnologia/Cocinas-y-hornos?order=,Electro y tecnología,Cocinas y hornos
https://www.carrefour.com.ar/Electro-y-tecnologia/Pequenos-electrodomesticos?order=,Electro y tecnología,Pequeños electrodomésticos
https://www.carrefour.com.ar/Electro-y-tecnologia/Cuidado-personal-y-salud?order=,Electro y tecnología,Cuidado personal y salud
https://www.carrefour.com.ar/Electro-y-tecnologia/Informatica-y-gaming?order=,Electro y tecnología,Informática y gaming
https://www.carrefour.com.ar/Electro-y-tecnologia/Audio?order=,Electro y tecnología,Audio
https://www.carrefour.com.ar/Bazar-y-textil/Muebles?order=,Bazar y textil,Muebles
https://www.carrefour.com.ar/Bazar-y-textil/Aire-libre?order=,Bazar y textil,Aire libre
https://www.carrefour.com.ar/Bazar-y-textil/Ferreteria-y-pintura?order=,Bazar y textil,Ferretería y pintura
https://www.carrefour.com.ar/Bazar-y-textil/Tiempo-libre-y-deportes?order=,Bazar y textil,Tiempo libre y deportes
https://www.carrefour.com.ar/Bazar-y-textil/Libreria?order=,Bazar y textil,Librería
https://www.carrefour.com.ar/Bazar-y-textil/Libros?oder=,Bazar y textil,Libros
https://www.carrefour.com.ar/Bazar-y-textil/Jugueteria-Carrefour?order=,Bazar y textil,Juguetería Carrefour
https://www.carrefour.com.ar/Bazar-y-textil/Automotor?order=,Bazar y textil,Automotor
https://www.carrefour.com.ar/Bazar-y-textil/Indumentaria?order=OrderByPriceDESC,Bazar y textil,Indumentaria
https://www.carrefour.com.ar/Bazar-y-textil/Dormitorio?order=,Bazar y textil,Dormitorio
https://www.carrefour.com.ar/Bazar-y-textil/Bano?order=,Bazar y textil,Baño
https://www.carrefour.com.ar/Bazar-y-textil/Cocina-y-comedor?order=,Bazar y textil,Cocina y comedor
https://www.carrefour.com.ar/Bazar-y-textil/Deco-y-organizacion?order=,Bazar y textil,Deco y organización
https://www.carrefour.com.ar/Almacen/Aceites-y-vinagres,Almacén,Aceites y vinagres
https://www.carrefour.com.ar/Almacen/Pastas-secas,Almacén,Pastas secas
https://www.carrefour.com.ar/Almacen/Arroz-y-legumbres,Almacén,Arroz y legumbres
https://www.carrefour.com.ar/Almacen/Harinas,Almacén,Harinas
https://www.carrefour.com.ar/Almacen/Enlatados-y-Conservas,Almacén,Enlatados y Conservas
https://www.carrefour.com.ar/Almacen/Sal-aderezos-y-saborizadores,Almacén,"Sal, aderezos y saborizadores"
https://www.carrefour.com.ar/Almacen/Caldos-sopas-y-pure,Almacén,"Caldos, sopas y puré"
https://www.carrefour.com.ar/Almacen/Reposteria-y-postres,Almacén,Repostería y Postres
https://www.carrefour.com.ar/Almacen/Snacks,Almacén,Snacks
https://www.carrefour.com.ar/Desayuno-y-merienda/Galletitas-bizcochitos-y-tostadas,Desayuno y merienda,Galletitas bizcochitos y tostadas
https://www.carrefour.com.ar/Desayuno-y-merienda/Budines-y-magdalenas,Desayuno y merienda,Budines y magdalenas
https://www.carrefour.com.ar/Desayuno-y-merienda/Yerba,Desayuno y merienda,Yerba
https://www.carrefour.com.ar/Desayuno-y-merienda/Cafe,Desayuno y merienda,Café
https://www.carrefour.com.ar/Desayuno-y-merienda/Infusiones,Desayuno y merienda,Infusiones
https://www.carrefour.com.ar/Desayuno-y-merienda/Azucar-y-endulzantes,Desayuno y merienda,Azúcar y endulzantes
https://www.carrefour.com.ar/Desayuno-y-merienda/Mermeladas-y-otros-dulces,Desayuno y merienda,Mermeladas y otros dulces
https://www.carrefour.com.ar/Desayuno-y-merienda/Cereales-y-barritas,Desayuno y merienda,Cereales y barritas
https://www.carrefour.com.ar/Desayuno-y-merienda/Golosinas-y-chocolates,Desayuno y merienda,Golosinas y chocolates
https://www.carrefour.com.ar/Bebidas/Cervezas,Bebidas,Cervezas
https://www.carrefour.com.ar/Bebidas/Vinos,Bebidas,Vinos
https://www.carrefour.com.ar/Bebidas/Fernet-y-aperitivos,Bebidas,Fernet y aperitivos
https://www.carrefour.com.ar/Bebidas/Bebidas-blancas,Bebidas,Bebidas blancas
https://www.carrefour.com.ar/Bebidas/Gaseosas,Bebidas,Gaseosas
https://www.carrefour.com.ar/Bebidas/Aguas,Bebidas,Aguas
https://www.carrefour.com.ar/Bebidas/Jugos,Bebidas,Jugos
https://www.carrefour.com.ar/Bebidas/Bebidas-isotonicas,Bebidas,Bebidas isotónicas
https://www.carrefour.com.ar/Bebidas/Bebidas-energizantes,Bebidas,Bebidas energizantes
https://www.carrefour.com.ar/Bebidas/Espumantes-y-sidras,Bebidas,Espumantes y sidras
https://www.carrefour.com.ar/Lacteos-y-productos-frescos/Leches?order=,Lácteos y productos frescos,Leches
https://www.carrefour.com.ar/Lacteos-y-productos-frescos/Yogures,Lácteos y productos frescos,Yogures
https://www.carrefour.com.ar/Lacteos-y-productos-frescos/Mantecas-margarinas-y-levaduras?order=,Lácteos y productos frescos,"Mantecas, margarinas y levaduras"
https://www.carrefour.com.ar/Lacteos-y-productos-frescos/Dulce-de-leche,Lácteos y productos frescos,Dulce de leche
https://www.carrefour.com.ar/Lacteos-y-productos-frescos/Cremas-de-leche,Lácteos y productos frescos,Cremas de leche
https://www.carrefour.com.ar/Lacteos-y-productos-frescos/Postres,Lácteos y productos frescos,Postres
https://www.carrefour.com.ar/Lacteos-y-productos-frescos/Huevos,Lácteos y productos frescos,Huevos
https://www.carrefour.com.ar/Lacteos-y-productos-frescos/Tapas-y-pastas-frescas,Lácteos y productos frescos,Tapas y pastas frescas
https://www.carrefour.com.ar/Lacteos-y-productos-frescos/Dulce-de-membrillo-y-otros-dulces,Lácteos y productos frescos,Dulce de membrillo y otros dulces
https://www.carrefour.com.ar/Lacteos-y-productos-frescos/Salchichas,Lácteos y productos frescos,Salchichas
https://www.carrefour.com.ar/Lacteos-y-productos-frescos/Quesos,Lácteos y productos frescos,Quesos
https://www.carrefour.com.ar/Lacteos-y-productos-frescos/Fiambres,Lácteos y productos frescos,Fiambres
https://www.carrefour.com.ar/Carnes-y-pescados/Carne-vacuna,Carnes y Pescados,Carne vacuna
https://www.carrefour.com.ar/Carnes-y-pescados/Pollo-y-granja,Carnes y Pescados,Pollo y granja
https://www.carrefour.com.ar/Carnes-y-pescados/Carne-de-cerdo,Carnes y Pescados,Carne de cerdo
https://www.carrefour.com.ar/Carnes-y-pescados/Achuras-y-embutidos,Carnes y Pescados,Achuras y embutidos
https://www.carrefour.com.ar/Carnes-y-pescados/Pescados-y-mariscos,Carnes y Pescados,Pescados y mariscos
https://www.carrefour.com.ar/Carnes-y-pescados/Carbon-y-encendido?order=,Carnes y Pescados,Carbón y encendido
https://www.carrefour.com.ar/Frutas-y-verduras/Frutas,Frutas y Verduras,Frutas
https://www.carrefour.com.ar/Frutas-y-verduras/Verduras,Frutas y Verduras,Verduras
https://www.carrefour.com.ar/Frutas-y-verduras/Verduras-cortadas-y-ensaladas-preparadas,Frutas y Verduras,Verduras cortadas y ensaladas preparadas
https://www.carrefour.com.ar/Frutas-y-verduras/Frutos-secos,Frutas y Verduras,Frutos secos
https://www.carrefour.com.ar/Panaderia/Elaboracion-carrefour,Panadería,Elaboración Carrefour
https://www.carrefour.com.ar/Panaderia/Panificados,Panadería,Panificados
https://www.carrefour.com.ar/Panaderia/Pan-rallado-y-rebozadores,Panadería,Pan rallado y rebozadores
https://www.carrefour.com.ar/Panaderia/Pizzas-y-prepizzas,Panadería,Pizzas y prepizzas
https://www.carrefour.com.ar/Panaderia/Sandwiches-empanadas-y-tartas,Panadería,"Sandwiches, Empanadas y Tartas"
https://www.carrefour.com.ar/Congelados/Hamburguesas,Congelados,Hamburguesas
https://www.carrefour.com.ar/Congelados/Nuggets-y-rebozados,Congelados,Nuggets y rebozados
https://www.carrefour.com.ar/Congelados/Papas,Congelados,Papas
https://www.carrefour.com.ar/Congelados/Verduras-y-frutas,Congelados,Verduras y frutas
https://www.carrefour.com.ar/Congelados/Comidas-y-panificados,Congelados,Comidas y panificados
https://www.carrefour.com.ar/Congelados/Helados-y-postres,Congelados,Helados y postres
https://www.carrefour.com.ar/Limpieza/Limpieza-de-la-ropa,Limpieza,Limpieza de la ropa
https://www.carrefour.com.ar/Limpieza/Limpieza-de-pisos-y-muebles,Limpieza,Limpieza del hogar
https://www.carrefour.com.ar/Limpieza/Insecticidas,Limpieza,Insecticidas
https://www.carrefour.com.ar/Limpieza/Limpieza-de-cocina,Limpieza,Limpieza de cocina
https://www.carrefour.com.ar/Limpieza/Lavandinas,Limpieza,Lavandinas
https://www.carrefour.com.ar/Limpieza/Rollos-de-cocina-y-servilletas,Limpieza,Rollos de cocina y servilletas
https://www.carrefour.com.ar/Limpieza/Papeles-higienicos,Limpieza,Papeles higiénicos
https://www.carrefour.com.ar/Limpieza/Limpieza-de-bano,Limpieza,Limpieza de Baño
https://www.carrefour.com.ar/Limpieza/Desodorantes-de-ambiente,Limpieza,Desodorantes de ambiente
https://www.carrefour.com.ar/Limpieza/Articulos-de-limpieza,Limpieza,Artículos de limpieza
https://www.carrefour.com.ar/Perfumeria/Cuidado-del-cabello,Perfumería,Cuidado del cabello
https://www.carrefour.com.ar/Perfumeria/Cuidado-dental,Perfumería,Cuidado dental
https://www.carrefour.com.ar/Perfumeria/Jabones,Perfumería,Jabones
https://www.carrefour.com.ar/Perfumeria/Proteccion-femenina,Perfumería,Protección femenina
https://www.carrefour.com.ar/Perfumeria/Cuidado-de-la-piel,Perfumería,Cuidado de la piel
https://www.carrefour.com.ar/Perfumeria/Antitranspirantes-y-desodorantes,Perfumería,Antitranspirantes y desodorantes
https://www.carrefour.com.ar/Perfumeria/Cuidado-corporal,Perfumería,Cuidado corporal
https://www.carrefour.com.ar/Perfumeria/Repelentes,Perfumería,Repelentes
https://www.carrefour.com.ar/Perfumeria/Algodones-e-hisopos,Perfumería,Algodones e hisopos
https://www.carrefour.com.ar/Perfumeria/Farmacia,Perfumería,Farmacia
https://www.carrefour.com.ar/Perfumeria/Proteccion-para-adultos,Perfumería,Protección para adultos
https://www.carrefour.com.ar/Perfumeria/Fragancias-y-maquillaje,Perfumería,Fragancias y maquillaje
https://www.carrefour.com.ar/Mundo-Bebe/Panales,Mundo bebé,Pañales
https://www.carrefour.com.ar/Mundo-Bebe/Toallitas-humedas,Mundo bebé,Toallitas húmedas
https://www.carrefour.com.ar/Mundo-Bebe/Para-el-bano,Mundo bebé,Para el baño
https://www.carrefour.com.ar/Mundo-Bebe/Despues-del-bano,Mundo bebé,Después del baño
https://www.carrefour.com.ar/Mundo-Bebe/Alimento-para-bebe,Mundo bebé,Alimento para bebé
https://www.carrefour.com.ar/Mundo-Bebe/Cuidado-maternal?order=,Mundo bebé,Cuidado maternal
https://www.carrefour.com.ar/Mundo-Bebe/Chupetes-mamaderas-y-accesorios?order=,Mundo bebé,"Chupetes, mamaderas y accesorios"
https://www.carrefour.com.ar/Mundo-Bebe/Pelelas-y-baneras?order=,Mundo bebé,Pelelas y bañeras
https://www.carrefour.com.ar/Mundo-Bebe/Cochecitos-y-butacas?order=,Mundo bebé,Cochecitos y butacas
https://www.carrefour.com.ar/Mascotas/Alimentos-y-snacks-para-perros,Mascotas,Alimentos y snacks para perros
https://www.carrefour.com.ar/Mascotas/Higiene-y-accesorios-para-perros,Mascotas,Higiene y accesorios para perros
https://www.carrefour.com.ar/Mascotas/Alimentos-para-gatos,Mascotas,Alimentos para gatos
https://www.carrefour.com.ar/Mascotas/Higiene-y-accesorios-para-gatos,Mascotas,Higiene y accesorios para gatos
