categorias,links
Electro,https://www.jumbo.com.ar/electro?map=category-1
Hogar y Textil,https://www.jumbo.com.ar/hogar-y-textil?map=category-1
Tiempo Libre,https://www.jumbo.com.ar/tiempo-libre?map=category-1
Bebés y Niños,https://www.jumbo.com.ar/bebes-y-ninos?map=category-1
Almacén,https://www.jumbo.com.ar/almacen?map=category-1
Bebidas,https://www.jumbo.com.ar/bebidas?map=category-1
Frutas y Verduras,https://www.jumbo.com.ar/frutas-y-verduras?map=category-1
Carnes,https://www.jumbo.com.ar/carnes?map=category-1
Pescados y Mariscos,https://www.jumbo.com.ar/pescados-y-mariscos?map=category-1
Quesos y Fiambres,https://www.jumbo.com.ar/quesos-y-fiambres?map=category-1
Lácteos,https://www.jumbo.com.ar/lacteos?map=category-1
Congelados,https://www.jumbo.com.ar/congelados?map=category-1
Panadería y Repostería,https://www.jumbo.com.ar/panaderia-y-reposteria?map=category-1
Comidas Preparadas,https://www.jumbo.com.ar/comidas-preparadas?map=category-1
Perfumería,https://www.jumbo.com.ar/perfumeria?map=category-1
Limpieza,https://www.jumbo.com.ar/limpieza?map=category-1
Mascotas,https://www.jumbo.com.ar/mascotas?map=category-1
